USE bitOdb;

-- 1. 커플 데이터 삽입
INSERT INTO couple (id, sender, receiver, status, create_dt, update_dt)
VALUES
    (1, 'kim.sender@example.com', 'lee.receiver@example.com', 'APPROVED', '2024-12-01 09:55:00', '2024-12-01 09:55:00'),
    (2, 'park.sender@example.com', 'choi.receiver@example.com', 'APPROVED', '2024-12-01 10:55:00', '2024-12-01 10:55:00'),
    (3, 'kim.han@example.com', 'lee.soo@example.com', 'PENDING', '2024-12-01 12:30:00', '2024-12-01 12:30:00');

-- 2. 커플 데이터 확인
SELECT * FROM couple;

-- 3. 사용자 데이터 삽입
INSERT INTO bit_o_user (id, email, nick_name, platform, provider_id, connected_dt, couple_id)
VALUES
    (1, 'kim.sender@example.com', '김보람', 'GOOGLE', 101, '2024-12-01 10:00:00', 1),
    (2, 'lee.receiver@example.com', '이민준', 'GOOGLE', 102, '2024-12-01 10:05:00', 1),
    (3, 'park.sender@example.com', '박지수', 'NAVER', 103, '2024-12-01 11:00:00', 2),
    (4, 'choi.receiver@example.com', '최서연', 'NAVER', 104, '2024-12-01 11:05:00', 2),
    (5, 'kim.han@example.com', '김한결', 'KAKAO', 105, '2024-12-01 13:00:00', NULL),
    (6, 'lee.soo@example.com', '이수연', 'KAKAO', 106, '2024-12-01 13:05:00', NULL);

-- 4. 사용자 데이터 확인
SELECT * FROM bit_o_user;

-- 5. 커플 기념일 데이터 삽입
INSERT INTO day (id, couple_id, title, start_date, create_dt, update_dt)
VALUES
    (1, 1, '첫 만남 기념일', '2024-01-01', '2024-12-01 11:00:00', '2024-12-01 11:00:00'),
    (2, 2, '연애 시작 기념일', '2023-12-01', '2024-12-01 11:30:00', '2024-12-01 11:30:00');

-- 6. 커플 기념일 데이터 확인
SELECT * FROM day;

-- 7. 기념일 데이터 삽입
INSERT INTO anniversary (id, write_time, update_time, title, content, anniversary_date, writer_id, with_people_id)
VALUES
    (1, '2024-12-01 12:00:00', NULL, '첫 데이트', '우리의 첫 데이트를 기념합니다.', '2024-01-10 00:00:00', 1, 2),
    (2, '2024-12-02 12:00:00', NULL, '첫 여행', '제주도로 떠난 첫 여행.', '2024-02-20 00:00:00', 2, 1),
    (3, '2024-12-03 12:00:00', NULL, '영화 관람', '함께 본 첫 영화.', '2024-03-15 00:00:00', 3, 4),
    (4, '2024-12-04 12:00:00', NULL, '생일 축하', '서로의 첫 생일 축하.', '2024-04-20 00:00:00', 4, 3),
    (5, '2024-12-05 12:00:00', NULL, '기념일 파티', '100일 기념 파티.', '2024-05-25 00:00:00', 1, 2);

-- 8. 기념일 데이터 확인
SELECT * FROM anniversary;

-- 9. 스케줄 더미 데이터 삽입
INSERT INTO schedule (id, create_dt, update_dt, content, start_date_time, end_date_time, title, user_id)
VALUES
    (1, '2024-12-01 10:00:00', NULL, '팀 프로젝트 회의', '2024-12-02 14:00:00', '2024-12-02 15:00:00', '회의', 1),
    (2, '2024-12-01 11:00:00', NULL, '커플 기념일 준비', '2024-12-03 09:00:00', '2024-12-03 11:00:00', '기념일 준비', 2),
    (3, '2024-12-01 12:00:00', NULL, '영화 관람 일정', '2024-12-05 19:00:00', '2024-12-05 21:30:00', '영화 관람', 3),
    (4, '2024-12-02 09:30:00', NULL, '데이트 약속', '2024-12-06 17:00:00', '2024-12-06 20:00:00', '데이트', 4),
    (5, '2024-12-02 10:00:00', NULL, '개인 공부 시간', '2024-12-07 10:00:00', '2024-12-07 12:00:00', '공부', 5),
    (6, '2024-12-02 11:00:00', '2024-12-03 11:30:00', '스케줄 조정', '2024-12-08 13:00:00', '2024-12-08 15:00:00', '조정', 6),
    (7, '2024-12-03 14:00:00', NULL, '운동 스케줄', '2024-12-09 06:00:00', '2024-12-09 07:00:00', '운동', 1),
    (8, '2024-12-03 15:00:00', NULL, '저녁 식사 약속', '2024-12-10 18:00:00', '2024-12-10 20:00:00', '식사', 2),
    (9, '2024-12-04 16:00:00', NULL, '출장 준비', '2024-12-11 08:00:00', '2024-12-11 10:00:00', '출장', 3),
    (10, '2024-12-05 09:00:00', NULL, '회사 업무', '2024-12-12 09:00:00', '2024-12-12 18:00:00', '업무', 4);

-- 10. 스케줄 데이터 확인
SELECT * FROM schedule;
